id,name
1,indiancurri
2,osso bucco
3,dijon mustard
4,yorkshir
5,goodfood
6,leanprotein
7,phillipisland
8,withnoddl
9,nocarb
10,asian
11,thaifood
12,parmesan
13,ricepilof
14,rucola
15,milk
16,fitfam
17,petemelov
18,lazysunday
19,corn cob
20,bakedrackoflamb
21,auckland
22,peanut
23,helpm
24,tacoadventur
25,humu
26,cuppa
27,fatmumslim
28,yummi
29,steamedbream
30,foodisgood
31,slownlow
32,stuf
33,kofta
34,buddi
35,basmatiric
36,saturdaynight
37,homecook
38,sausag
39,pine nut
40,sage
41,steamedsalmon
42,fat
43,sisterandbroth
44,saag
45,beansaucerib
46,fam
47,cook
48,cheesecakefactori
49,friedkingprawn
50,synfre
51,healthyliv
52,nomnomnom
53,khmerchickensoup
54,yumnuea
55,trx
56,healthylif
57,goatintheboat
58,skewer
59,wheatfre
60,barbecu
61,rack
62,fatars
63,enjoy
64,pork
65,spicyfishsauc
66,lemon wedg
67,franc
68,bacon
69,lovetoeat
70,chef
71,burger
72,butterchicken
73,asiandinn
74,pineapplechicken
75,foodspir
76,wintermelon
77,spaghetti
78,moroccanlamb
79,sundaydinn
80,sweetmashedpotatao
81,tarragon
82,pannacotta 
83,mild paprika
84,chicken ric
85,lovemylif
86,rome
87,indian
88,spicylevel7
89,iceberg lettuc
90,healthyfood
91,caper
92,aftersport
93,wasabiknif
94,potatochip
95,water
96,glutenfre
97,foodlov
98,healthandfit
99,strong
100,mozzarella
101,asianfus
102,box
103,corn salsa
104,great
105,turkish
106,dri
107,cinnamon
108,healthi
109,mussel
110,friedsquash
111,sriracha
112,classicroastbeef
113,lemonchicken
114,newyorkstrip
115,lasagn
116,love
117,kebab
118,indiancuisin
119,radish
120,eggplantpickl
121,vin
122,carbfre
123,meati
124,pasta
125,famili
126,saladinajar
127,roadtrip
128,fresheat
129,memor
130,mashedpotato
131,fussili
132,latedinn
133,chinesefood
134,happylif
135,stirfri
136,memori
137,12wbtleanandstrong
138,healthyandtasti
139,gettingmygourmetorrn
140,earlydinn
141,crab
142,dontbejeal
143,australian
144,yoghurt
145,today
146,yellowricewithpineappleandbroccoli
147,chestnut
148,rosmarino
149,weightwatch
150,penn
151,outofcontrol
152,thesuveran
153,sauteedgreenbean
154,appet
155,tofu
156,bbqswordfish
157,warm
158,mintrocketandredonionsalad
159,betsiakebab
160,slowcook
161,greekcuisin
162,grill
163,giliisland
164,salad
165,tikkamasala
166,goodfriday
167,bake
168,soup
169,portugues
170,lawrencefamilychristmas2013
171,chickenchowmein
172,chickentikkamasala
173,gingerbeefandric
174,cleaneat
175,beef casserol
176,foodi
177,chip
178,healthyfoodshar
179,sogood
180,rackoflamb
181,tastysoup
182,crazi
183,beansprout
184,goodeat
185,instagramfood
186,steakwithsalad 
187,instadinn
188,dry sherri
189,zucchinipizza
190,lamb
191,headyhousewif
192,paleo
193,winter
194,topbf
195,dress
196,bestlov
197,threecheeseandspinachcannelloni
198,chefdega
199,onionr
200,hot
201,lime juic
202,herb salad
203,biryani
204,coq au vin
205,taboulleh
206,simpl
207,cannelloni
208,pizza
209,lowcalori
210,healthyrecip
211,foodporn
212,cardamom
213,tunasushi
214,chines
215,alibaba
216,englishcountrysid
217,taco
218,salsa
219,chickenandhamtanglepi
220,tomato
221,veal escalop
222,mushypea
223,slowfood
224,fiveservesofveg 
225,cantgetenough
226,greek
227,mantrap
228,mango
229,green
230,beef stock
231,forestlake 
232,greec
233,egg
234,wine
235,steamed bream
236,italiancuisin
237,keema
238,indianfood
239,sprout
240,fishsauc
241,orang
242,digin
243,chickpea
244,hearthurt
245,eatingout
246,butternut
247,perfect
248,latt
249,stuffedcapsicum
250,kingprawn
251,happyeast
252,thank
253,fit
254,sospici
255,ilovecook
256,avocado
257,trapmoney
258,fryup
259,ricotta
260,delici
261,holiday
262,weber
263,nom
264,good
265,feta
266,food
267,flour
268,workout
269,chickenbreast
270,worcestershire sauc
271,wasabi
272,cannellini bean
273,break
274,lunch
275,ftgreenesushi
276,fatkidstatu
277,shakewel
278,flavorofindia
279,freerangechicken
280,lemon juic
281,bread
282,saladoftheday
283,meat
284,thyme
285,enoki mushroom
286,steakmushroompi
287,rosemari
288,lambloinchop
289,worldclass
290,goat
291,freshmozzerella
292,castiron skillet
293,goodtim
294,roast
295,frittata
296,cheftheros
297,crunchi
298,mincedlamb
299,yehey
300,foodthink
301,buffet
302,chickencaesarsalad
303,fish
304,instahealth
305,prawn
306,wednesday
307,mincemeat
308,eatyourgreen
309,lime wedg
310,newspeci
311,lentil
312,artichok
313,orient
314,lemongrass
315,redcapsicumsoup
316,milkcherri
317,chicken stock
318,skinless chicken breast
319,bestpieinyorkshir
320,health
321,healthyeat
322,soy sauc
323,winterfood
324,fitfood
325,livema
326,red
327,paella
328,rackveal
329,gorgeou
330,cajunfishfillet
331,vegetablefrittata
332,weightlossjourney
333,red chilli
334,mybabi
335,nofilt
336,yoghurtchicken
337,chilli
338,tortilla
339,primaldiet
340,creamymash
341,feast
342,weightloss
343,takeout
344,chickentikka
345,yum
346,garlic
347,foodoftheday
348,veggi
349,friedegg
350,southeastasiansalad
351,mixedsalad
352,bootcamp
353,hook
354,tzatziki
355,lusso
356,lol
357,black pepp
358,tandoorichicken
359,notfeelingwel
360,eattherainbow
361,parsnip
362,stuffedwithspinach
363,spinach
364,baked fennel
365,calori
366,vealrol
367,green bean
368,dinnerd
369,masala
370,potd
371,white win
372,nut
373,friend
374,veal rol
375,murder
376,asianchickensoup
377,amazingnight
378,mediterranean
379,cornflour
380,vermicelli
381,pari
382,feedthehusband
383,rice noodl
384,dinnerfortwo 
385,thai
386,postworkout
387,healthyforonc
388,conveni
389,shiitake mushroom
390,grillin
391,melbourn
392,caponata
393,beautyandthebeast
394,sourcream
395,autumn
396,alwayseatinggood
397,friedric
398,ultimatum
399,delic
400,2014
401,coleslaw
402,yumyum
403,boston
404,tunatartar
405,minc
406,meatbal
407,ginger
408,chickentortilla
409,nourish
410,beefpesto
411,fuckyeah
412,tandoori
413,mint
414,12wbtdinner
415,blanch
416,cookingfrenzi
417,sherri
418,bakinggalor
419,greeksalad
420,caesar
421,polenta-crumbed lamb
422,season
423,zucchini
424,soful
425,sugarfre
426,bok choy
427,ginger chicken
428,salmon
429,baconeggmushroom
430,grilledbeeffillet
431,tryingtobehealthi
432,gotthisinthebag
433,freshingredi
434,beautifulborscht
435,watercress
436,amaz
437,gingerbeef
438,spicedlamb
439,wildflowerbreadcompani
440,igdaili
441,mommasfood
442,seafood
443,asiansoup
444,sale
445,casserol
446,aglio
447,bonappetit
448,postkettlebel
449,hungri
450,shop
451,grilled salmon
452,seeded-mustard
453,sweetpotato
454,wifem
455,cheat
456,cheap
457,moroccan
458,paleoeat
459,sesame oil
460,fennel
461,tomato sauc
462,aloogobi
463,chicken
464,calamari
465,chickencurri
466,celeri
467,chickbiryani
468,porkloin
469,sweetpotatochip
470,chickenricepaperrol
471,gil
472,familydinn
473,cambodianchickensoup
474,sugar
475,gettingstrong
476,cucumb
477,eatclean
478,polenta
479,romanticinn
480,foodvent
481,rice
482,corn fritt
483,pumpkin
484,latelunch
485,wholemeal flour
486,lime leav
487,organicchicken
488,king
489,chapatti
490,michellebridg
491,batteredbarrumundi
492,brekki
493,bean
494,holdthecarb
495,carneasada
496,grilledcorncak
497,scaloppin
498,bar
499,diabet
500,organ
501,oyster mushroom
502,wintermelonsoup
503,bestsoupev
504,sauc
505,low-fat
506,nutmeg
507,greeklambkebab
508,marinad
509,steak
510,steam
511,tacolov
512,stump
513,noodl
514,baked appl
515,sear
516,beefandpotatopi
517,cajun
518,beanandmushroomsoup
519,redmeat
520,italia
521,best
522,healthydelici
523,chickenstrip
524,lambbiryani
525,chickenmakhani
526,instafood
527,wonderfulworld
528,woi
529,portuguesechickensalad
530,herb
531,borscht
532,familytim
533,chili
534,redskin
535,currysauc
536,myweightlossjourney
537,omg
538,throwdown
539,spring
540,brainfood
541,arugula
542,fetta
543,foodpic
544,flathead
545,foodcoma
546,broccolini
547,protect
548,mycook
549,buorgan
550,cow
551,healthym
552,paleorecip
553,hungrym
554,foodidea
555,patti
556,familyfirst
557,honey
558,pictureoftheday
559,sesam
560,cod
561,eggplant
562,oyster sauc
563,lambmeatloaf
564,chickenmasala
565,peanut oil
566,lamb cutlet
567,mulligatawnysoup
568,tone
569,bell
570,lasvega
571,foodforautumn
572,lambshanksoup
573,lemonandchillichicken
574,wrap
575,chickensoup
576,italiano
577,ilovetocook
578,fitfreak
579,chefknif
580,roastedasparagu
581,chickenwithmustard
582,beetroot
583,poached chickenging
584,beef
585,mashedt
586,bbqchicken
587,parsley
588,steamingawayslowli
589,buttermilk
590,beet
591,menuhwatless
592,eatlamb
593,basil
594,kitchen
595,panko
596,pumpkinandspinach
597,healthylifestyl
598,coq
599,shepardspi
600,mushroom
601,fire
602,spicyfood
603,tomatoesstuf
604,curryoil
605,pie
606,togo
607,ilovetoeat
608,koftakhobez
609,asparagu
610,obess
611,sharefood
612,brunch
613,bestsel
614,searedtuna
615,opensteaksandwich
616,pesto
617,balado
618,bbqsandwich
619,capsicum
620,grainfre
621,nomnom
622,momshomemadenaan
623,lunchtim
624,pollo
625,somuchfood
626,fish sauc
627,fatkid
628,sesamebokchoy
629,sushi
630,sardin
631,lemontuna
632,avo
633,motiv
634,protein
635,goodfat
636,mushroomsteak
637,quickmeal
638,trainhard
639,turmer
640,veryspici
641,canola oil
642,bowl
643,penguinparad
644,greenbean
645,onionbhaji
646,sweetplantain
647,snapper fillet
648,lovemyjob
649,lunchdeliveri
650,ratatouil
651,bali
652,beefshiitak
653,swordfish
654,crusted pork
655,delight
656,foodadventur
657,red win
658,fatti
659,vegetable oil
660,tuna
661,broccoli
662,honeysoy
663,searedsalmon
664,prosciutto
665,indianlamb
666,chickenw
667,char siu
668,colour
669,kungfu
670,chees
671,veal
672,poachedbeef
673,tast
674,olive oil
675,kale
676,loveit
677,cheddar
678,stroma
679,healthylunch
680,bongbeauti
681,redwin
682,vealscaloppin
683,gymfood
684,cilantro
685,ham
686,easi
687,panfri
688,lambcasserol
689,roast beef
690,portioncontrol
691,lygon
692,sweet
693,instafood 
694,greekyoghurt
695,nursinghom
696,victoriabc
697,loveforchees
698,nando
699,fusion
700,meatloafsandwich
701,homemad
702,roastveg
703,chickenkebab
704,bestsoup
705,mashpotato
706,mangofriedpotato
707,steamedbroccoli
708,onion
709,japanesefood
710,incred
711,lambkofta
712,sweetmashpotato
713,lamb shank
714,foodtempl
715,oakbay
716,kareiya
717,italian
718,beefspinach
719,turkishpepper 
720,oregano
721,wholefood
722,oliv
723,naan
724,coconut milk
725,cucumbersalad
726,foodheaven
727,too much
728,bless
729,good2
730,jsfood
731,demitass
732,treatmeal
733,dairyfre
734,wifedish
735,afterwork
736,rasberri
737,fillet
738,celerysalt
739,stew
740,comfortfood
741,simmer
742,beef stroganoff
743,lime
744,pea
745,knife
746,pepper
747,mystyl
748,zest
749,foodie 
750,corn
751,restdaycook
752,eatwel
753,snapper
754,stuffedsnapp
755,mucca
756,diet
757,balsamic vinegar
758,sang choy
759,lambshank
760,grillon
761,marin
762,rocketsalad
763,plum
764,delish
765,curri
766,texastoast
767,shrimp
768,chop
769,dinner
770,daytrip
771,hoisin sauc
772,stir-fri
773,foodforgrowth
774,gordonramsey
775,beefpasta
776,cleanandlean
777,primal
778,red onion
779,carrot
780,kebabshop
781,eggrol
782,greeklamb
783,loin
784,indiandish
785,instantfood
786,basmati
787,lettuc
788,soy
789,foodphotographi
790,thankyoulord
791,mintyoghurt
792,heartofindia
793,roastlegoflamb
794,fooddiari
795,fast
796,happi
797,appl
798,lambleg
799,leanonlamb
800,delicious!
801,brazilian
802,gingerchicken
803,chilliflak
804,lowfat
805,wholem
806,roasted chicken
807,roastedchicken
808,lent
809,eggwash
810,shank
811,womansweekli
812,silverbeet
813,ginger beef
814,spici
815,potato
816,eat
817,spice
818,rump steak
819,bakedsnapp
820,porkchop
821,coriand
822,thai pork
823,peahamsoup
824,veget
825,cooker
826,healthydinn
827,paprika
828,candiedyam
829,bbq
830,histreat
831,goodcook
832,wineforal
833,putitinmymouth
834,chickenstirfri
835,dill
836,12wbt
837,tasti
838,sirloin
839,lunchord
840,dog
841,afterbootcamp
842,paleolifestyl
843,rosemarylamb
844,blackbean
845,cultur
846,madefromscratch
847,cafe
848,ilovelamb
849,vietnamese dress
850,meatandsalad
851,lemon
852,propoint
853,tacotown
854,nan
855,saffron
856,saturday
857,sick
858,stuffed chicken
859,ferment
860,leek
861,architectscook
862,tart
863,sundaycookup
864,tomato soup
865,mustard
866,spicylambburg
867,thaibeefsalad
868,portuguesechicken
869,chocoliciouslifestyl
870,cookingwithlov
871,joescrabshack
872,wholegrain bread
873,whatadiffer
874,salmon salad
875,streetfood
876,no mor
877,cabbag
878,mash
879,sichuan pepp
880,potatopi
881,fresh
882,cookbook
883,warmchickensalad
884,bayleaf
885,oliveoil
886,oil
887,salt
888,parmigiano
889,edpepperflak
890,eggplantpasta
891,linguin
892,vanilla
893,bakingpowd
894,butter
895,chocol
896,dicedgreenbellpepp
897,hungariansweetpaprika
898,driedthymeleav
899,finelydicedonion
900,driedbasil
901,andouillesausag
902,garlicclov
903,dessert
904,goatchees
905,clove
906,vermouth
907,cereal
908,shallot
909,linguini
910,pinenut
911,avacado
912,lemonjuic
913,provolon
914,taleggio
915,apricot
916,almond
917,breakfast
918,scallop
919,lemonzest
920,buckwheatflour
921,savoycabbag
922,valtellinacasera
923,granapadano
924,swisschard
925,driedoregano
926,breadflour
927,italianstyl
928,pecorino
929,breadcrumb
930,anchovi
931,yogurt
932,kefalotyrichees
933,pecorinoromano
934,greek-styleyogurt
935,milkricotta
936,frise
937,speck
938,vinegar
939,parmesanchees
940,pecorinochees
941,pastacarbonara
942,freshgreenbean
943,baconstrip
944,pancetta
945,fontina
946,gorgonzola
947,blackpepp
948,conchiglierig
949,heavycream
950,farro
951,yeast
952,sandwich
953,tradit
954,sidedish
955,cooki
956,celerysalad
957,oyster
958,parmigianoreggianochees
959,italianflat-leafparsley
960,extravirginoliveoil
961,pizzadough
962,redpepperflak
963,fetachees
964,bakedpastaandrol
965,limonciello
966,garnish
967,whitesugar
968,lighthoney
969,syrup
970,vodka
971,redpepp
972,saladitalian
973,baguett
974,fig
975,balsamicglaz
976,shortribmeat
977,wholemilk
978,yellowonion
979,parmesanreggiano
980,cake
981,coconut
982,lavend
983,strawberri
984,creamoftartar
985,sumac
986,beefshortrib
987,koshersalt
988,dryredwin
989,pignoli
990,almondpast
991,rum
992,juniperberri
993,sour
994,cream
995,orecchiett
996,pernod
997,ricottachees
998,coars
999,firstours
1000,lasagna
1001,flatbread
1002,parmesean
1003,marinarasauc
1004,dijon
1005,parmiggiano
1006,squash
1007,firstcours
1008,bowtiepasta
1009,thinli
1010,ciabatta
1011,walnut
1012,hamburg
1013,eggwhit
1014,meringuefrost
1015,fava
1016,figjam
1017,cocoapowd
1018,orechiett
1019,freshmint
1020,redonion
1021,freshgarl
1022,tunasalad
1023,tonno
1024,mayonnais
1025,cornmeal
1026,pizzabread
1027,fennelbulb
1028,healti
1029,turkeymeat
1030,cauliflow
1031,bambooskew
1032,lemonpepp
1033,babyspinach
1034,semolinaflour
1035,yolk
1036,nettlepasta
1037,stingingnettl
1038,mediumgrain
1039,lemoncak
1040,frenchpastri
1041,quetsch
1042,broccolirab
1043,frenchbread
1044,peppercorn
1045,asiagochees
1046,brie
1047,icecream
1048,ricottacream
1049,apricotjam
1050,almondhoney
1051,pineappl
1052,hotdog
1053,mayo
1054,bakedpasta
1055,gruyerechees
1056,cayennepepp
1057,groundbeef
1058,mozzarellachees
1059,beefcutlet
1060,whitebread
1061,chestnutflour
1062,castagnaccio
1063,italianchestnutcak
1064,raspberri
1065,summer
1066,rigatoni
1067,fusillipasta
1068,bluechees
1069,winevinegar
1070,pear
1071,freshrosemari
1072,guancial
1073,lumachin
1074,organicegg
1075,parmesan-reggianochees
